SUBREDDIT,DOC COUNT,CATEGORY,DO NOT INCLUDE,SENSITIVE,TOXIC OR NSFW,,,,,,,,,,,,,,,,,,,,,
amiugly,1417,other,x,,,,,,,,,,,,,,,,,,,,,,,
shittyaskscience,890,other,x,,,,,,,,,,,,,,,,,,,,,,,
EngineeringStudents,1842,academic,,,,,,,,,,,,,,,,,,,,,,,,
college,1573,academic,,,,,,,,,,,,,,,,,,,,,,,,
GradSchool,967,academic,,,,,,,,,,,,,,,,,,,,,,,,
premed,855,academic,,,,,,,,,,,,,,,,,,,,,,,,
stopdrinking,2204,addiction,,x,,,,,,,,,,,,,,,,,,,,,,
stopsmoking,1457,addiction,,x,,,,,,,,,,,,,,,,,,,,,,
cripplingalcoholism,1456,addiction,,x,,,,,,,,,,,,,,,,,,,,,,
leaves,1297,addiction,,x,,,,,,,,,,,,,,,,,,,,,,
Pets,1927,animals,,,,,,,,,,,,,,,,,,,,,,,,
Dogtraining,1925,animals,,,,,,,,,,,,,,,,,,,,,,,,
cats,1880,animals,,,,,,,,,,,,,,,,,,,,,,,,
dogs,3971,animals,,,,,,,,,,,,,,,,,,,,,,,,
atheismbot,3108,banned,x,,x,,,,,,,,,,,,,,,,,,,,,
askseddit,3096,banned,x,,x,,,,,,,,,,,,,,,,,,,,,
DarkNetMarkets,1618,banned,x,,x,,,,,,,,,,,,,,,,,,,,,
teenagers,9957,children,x,x,,,,,,,,,,,,,,,,,,,,,,
LGBTeens,952,children,x,x,,,,,,,,,,,,,,,,,,,,,,
toronto,1853,cities,,,,,,,,,,,,,,,,,,,,,,,,
Seattle,1698,cities,,,,,,,,,,,,,,,,,,,,,,,,
chicago,1653,cities,,,,,,,,,,,,,,,,,,,,,,,,
Portland,1469,cities,,,,,,,,,,,,,,,,,,,,,,,,
Austin,1386,cities,,,,,,,,,,,,,,,,,,,,,,,,
nyc,1297,cities,,,,,,,,,,,,,,,,,,,,,,,,
newzealand,1271,cities,,,,,,,,,,,,,,,,,,,,,,,,
vancouver,1195,cities,,,,,,,,,,,,,,,,,,,,,,,,
boston,1146,cities,,,,,,,,,,,,,,,,,,,,,,,,
LosAngeles,953,cities,,,,,,,,,,,,,,,,,,,,,,,,
offmychest,17175,confessions,x,x,,,,,,,,,,,,,,,,,,,,,,
Advice,10115,confessions,x,x,,,,,,,,,,,,,,,,,,,,,,
confession,3780,confessions,x,x,,,,,,,,,,,,,,,,,,,,,,
DoesAnybodyElse,3698,confessions,x,x,,,,,,,,,,,,,,,,,,,,,,
MMFB,1377,confessions,x,x,,,,,,,,,,,,,,,,,,,,,,
canada,4884,countries,,,,,,,,,,,,,,,,,,,,,,,,
australia,3562,countries,,,,,,,,,,,,,,,,,,,,,,,,
unitedkingdom,2829,countries,,,,,,,,,,,,,,,,,,,,,,,,
europe,2039,countries,,,,,,,,,,,,,,,,,,,,,,,,
ireland,980,countries,,,,,,,,,,,,,,,,,,,,,,,,
sweden,1124,countries,x,,,,,,,,,,,,,,,,,,,,,,,
japan,1193,countries,,,,,,,,,,,,,,,,,,,,,,,,
argentina,1049,countries,x,,,,,,,,,,,,,,,,,,,,,,,
China,927,countries,,,,,,,,,,,,,,,,,,,,,,,,
mexico,860,countries,x,,,,,,,,,,,,,,,,,,,,,,,
trees,47286,drugs,x,x,,,,,,,,,,,,,,,,,,,,,,
electronic_cigarette,10430,drugs,x,x,,,,,,,,,,,,,,,,,,,,,,
opiates,2739,drugs,x,x,,,,,,,,,,,,,,,,,,,,,,
Drugs,10035,drugs,x,x,,,,,,,,,,,,,,,,,,,,,,
Psychonaut,1938,drugs,x,x,,,,,,,,,,,,,,,,,,,,,,
LSD,1433,drugs,x,x,,,,,,,,,,,,,,,,,,,,,,
saplings,1082,drugs,x,x,,,,,,,,,,,,,,,,,,,,,,
vaporents,1003,drugs,x,x,,,,,,,,,,,,,,,,,,,,,,
microgrowery,944,drugs,x,x,,,,,,,,,,,,,,,,,,,,,,
hookah,930,drugs,x,x,,,,,,,,,,,,,,,,,,,,,,
asoiaf,9351,fandom,,,,,,,,,,,,,,,,,,,,,,,,
mylittlepony,3541,fandom,,,,,,,,,,,,,,,,,,,,,,,,
MLPLounge,3006,fandom,,,,,,,,,,,,,,,,,,,,,,,,
FanTheories,2643,fandom,,,,,,,,,,,,,,,,,,,,,,,,
TheLastAirbender,2401,fandom,,,,,,,,,,,,,,,,,,,,,,,,
gameofthrones,2982,fandom,,,,,,,,,,,,,,,,,,,,,,,,
anime,5868,fandom,,,,,,,,,,,,,,,,,,,,,,,,
yugioh,2270,fandom,,,,,,,,,,,,,,,,,,,,,,,,
comicbooks,2257,fandom,,,,,,,,,,,,,,,,,,,,,,,,
doctorwho,2086,fandom,,,,,,,,,,,,,,,,,,,,,,,,
Naruto,1969,fandom,,,,,,,,,,,,,,,,,,,,,,,,
OnePiece,1890,fandom,,,,,,,,,,,,,,,,,,,,,,,,
harrypotter,1748,fandom,,,,,,,,,,,,,,,,,,,,,,,,
StarWars,1622,fandom,,,,,,,,,,,,,,,,,,,,,,,,
amiibo,1588,fandom,,,,,,,,,,,,,,,,,,,,,,,,
thewalkingdead,1504,fandom,,,,,,,,,,,,,,,,,,,,,,,,
television,1489,fandom,,,,,,,,,,,,,,,,,,,,,,,,
gamegrumps,1391,fandom,,,,,,,,,,,,,,,,,,,,,,,,
scifi,1338,fandom,,,,,,,,,,,,,,,,,,,,,,,,
AskScienceFiction,1322,fandom,,,,,,,,,,,,,,,,,,,,,,,,
breakingbad,1275,fandom,,,,,,,,,,,,,,,,,,,,,,,,
startrek,1257,fandom,,,,,,,,,,,,,,,,,,,,,,,,
roosterteeth,1096,fandom,,,,,,,,,,,,,,,,,,,,,,,,
community,982,fandom,,,,,,,,,,,,,,,,,,,,,,,,
bindingofisaac,1085,fandom,,,,,,,,,,,,,,,,,,,,,,,,
fivenightsatfreddys,1013,fandom,,,,,,,,,,,,,,,,,,,,,,,,
gallifrey,895,fandom,,,,,,,,,,,,,,,,,,,,,,,,
personalfinance,14403,finance,,,,,,,,,,,,,,,,,,,,,,,,
Bitcoin,5794,finance,,,,,,,,,,,,,,,,,,,,,,,,
investing,2030,finance,,,,,,,,,,,,,,,,,,,,,,,,
Frugal,4845,finance,,,,,,,,,,,,,,,,,,,,,,,,
dogecoin,2810,finance,,,,,,,,,,,,,,,,,,,,,,,,
Fitness,22694,fitness,,,,,,,,,,,,,,,,,,,,,,,,
running,4824,fitness,,,,,,,,,,,,,,,,,,,,,,,,
xxfitness,2477,fitness,,,,,,,,,,,,,,,,,,,,,,,,
bodybuilding,1821,fitness,,,,,,,,,,,,,,,,,,,,,,,,
loseit,10559,fitness,,,,,,,,,,,,,,,,,,,,,,,,
keto,7139,fitness,,,,,,,,,,,,,,,,,,,,,,,,
gainit,1228,fitness,,,,,,,,,,,,,,,,,,,,,,,,
C25K,1108,fitness,,,,,,,,,,,,,,,,,,,,,,,,
bodyweightfitness,1046,fitness,,,,,,,,,,,,,,,,,,,,,,,,
Paleo,1035,fitness,,,,,,,,,,,,,,,,,,,,,,,,
crossfit,950,fitness,,,,,,,,,,,,,,,,,,,,,,,,
xxketo,938,fitness,,,,,,,,,,,,,,,,,,,,,,,,
leagueoflegends,109307,gaming,,,,,,,,,,,,,,,,,,,,,,,,
gaming,43851,gaming,,,,,,,,,,,,,,,,,,,,,,,,
DotA2,22405,gaming,,,,,,,,,,,,,,,,,,,,,,,,
DestinyTheGame,19878,gaming,,,,,,,,,,,,,,,,,,,,,,,,
summonerschool,13806,gaming,,,,,,,,,,,,,,,,,,,,,,,,
wow,13309,gaming,,,,,,,,,,,,,,,,,,,,,,,,
starcraft,12911,gaming,,,,,,,,,,,,,,,,,,,,,,,,
Games,11820,gaming,,,,,,,,,,,,,,,,,,,,,,,,
Guildwars2,10948,gaming,,,,,,,,,,,,,,,,,,,,,,,,
magicTCG,10624,gaming,,,,,,,,,,,,,,,,,,,,,,,,
GlobalOffensive,10443,gaming,,,,,,,,,,,,,,,,,,,,,,,,
hearthstone,9500,gaming,,,,,,,,,,,,,,,,,,,,,,,,
Minecraft,8983,gaming,,,,,,,,,,,,,,,,,,,,,,,,
Smite,7869,gaming,,,,,,,,,,,,,,,,,,,,,,,,
DnD,7535,gaming,,,,,,,,,,,,,,,,,,,,,,,,
dayz,7324,gaming,,,,,,,,,,,,,,,,,,,,,,,,
ffxiv,7173,gaming,,,,,,,,,,,,,,,,,,,,,,,,
tf2,7152,gaming,,,,,,,,,,,,,,,,,,,,,,,,
Diablo,6860,gaming,,,,,,,,,,,,,,,,,,,,,,,,
Planetside,6468,gaming,,,,,,,,,,,,,,,,,,,,,,,,
pokemon,6464,gaming,,,,,,,,,,,,,,,,,,,,,,,,
skyrim,6317,gaming,,,,,,,,,,,,,,,,,,,,,,,,
rpg,5741,gaming,,,,,,,,,,,,,,,,,,,,,,,,
truegaming,5647,gaming,,,,,,,,,,,,,,,,,,,,,,,,
Eve,5489,gaming,,,,,,,,,,,,,,,,,,,,,,,,
runescape,4734,gaming,,,,,,,,,,,,,,,,,,,,,,,,
smashbros,4464,gaming,,,,,,,,,,,,,,,,,,,,,,,,
DarkSouls2,4439,gaming,,,,,,,,,,,,,,,,,,,,,,,,
pathofexile,4413,gaming,,,,,,,,,,,,,,,,,,,,,,,,
darksouls,4222,gaming,,,,,,,,,,,,,,,,,,,,,,,,
2007scape,4133,gaming,,,,,,,,,,,,,,,,,,,,,,,,
heroesofthestorm,3760,gaming,,,,,,,,,,,,,,,,,,,,,,,,
swtor,3681,gaming,,,,,,,,,,,,,,,,,,,,,,,,
Overwatch,3633,gaming,,,,,,,,,,,,,,,,,,,,,,,,
halo,3578,gaming,,,,,,,,,,,,,,,,,,,,,,,,
xboxone,3381,gaming,,,,,,,,,,,,,,,,,,,,,,,,
PS4,3330,gaming,,,,,,,,,,,,,,,,,,,,,,,,
battlefield3,3242,gaming,,,,,,,,,,,,,,,,,,,,,,,,
Warframe,3094,gaming,,,,,,,,,,,,,,,,,,,,,,,,
Fallout,2696,gaming,,,,,,,,,,,,,,,,,,,,,,,,
LeagueofLegendsMeta,2647,gaming,,,,,,,,,,,,,,,,,,,,,,,,
elderscrollsonline,2634,gaming,,,,,,,,,,,,,,,,,,,,,,,,
Pathfinder_RPG,2619,gaming,,,,,,,,,,,,,,,,,,,,,,,,
KotakuInAction,2486,gaming,x,,x,,,,,,,,,,,,,,,,,,,,,
EliteDangerous,2450,gaming,,,,,,,,,,,,,,,,,,,,,,,,
GrandTheftAutoV,2419,gaming,,,,,,,,,,,,,,,,,,,,,,,,
masseffect,2981,gaming,,,,,,,,,,,,,,,,,,,,,,,,
WorldofTanks,2840,gaming,,,,,,,,,,,,,,,,,,,,,,,,
civ,2801,gaming,,,,,,,,,,,,,,,,,,,,,,,,
MonsterHunter,2653,gaming,,,,,,,,,,,,,,,,,,,,,,,,
starcitizen,2330,gaming,,,,,,,,,,,,,,,,,,,,,,,,
battlefield_4,2318,gaming,,,,,,,,,,,,,,,,,,,,,,,,
WildStar,2205,gaming,,,,,,,,,,,,,,,,,,,,,,,,
KerbalSpaceProgram,2097,gaming,,,,,,,,,,,,,,,,,,,,,,,,
thedivision,2065,gaming,,,,,,,,,,,,,,,,,,,,,,,,
Warthunder,1952,gaming,,,,,,,,,,,,,,,,,,,,,,,,
ShouldIbuythisgame,1861,gaming,,,,,,,,,,,,,,,,,,,,,,,,
h1z1,1833,gaming,,,,,,,,,,,,,,,,,,,,,,,,
pokemongo,1771,gaming,,,,,,,,,,,,,,,,,,,,,,,,
diablo3,1728,gaming,,,,,,,,,,,,,,,,,,,,,,,,
pcgaming,1717,gaming,,,,,,,,,,,,,,,,,,,,,,,,
darksouls3,1715,gaming,,,,,,,,,,,,,,,,,,,,,,,,
feedthebeast,1589,gaming,,,,,,,,,,,,,,,,,,,,,,,,
totalwar,1583,gaming,,,,,,,,,,,,,,,,,,,,,,,,
summonerswar,1532,gaming,,,,,,,,,,,,,,,,,,,,,,,,
Borderlands,1506,gaming,,,,,,,,,,,,,,,,,,,,,,,,
CoDCompetitive,1492,gaming,,,,,,,,,,,,,,,,,,,,,,,,
Civcraft,1457,gaming,,,,,,,,,,,,,,,,,,,,,,,,
bloodborne,1445,gaming,,,,,,,,,,,,,,,,,,,,,,,,
paydaytheheist,1437,gaming,,,,,,,,,,,,,,,,,,,,,,,,
ClashOfClans,1419,gaming,,,,,,,,,,,,,,,,,,,,,,,,
assassinscreed,1419,gaming,,,,,,,,,,,,,,,,,,,,,,,,
archeage,1370,gaming,,,,,,,,,,,,,,,,,,,,,,,,
playrust,1369,gaming,,,,,,,,,,,,,,,,,,,,,,,,
bravefrontier,1351,gaming,,,,,,,,,,,,,,,,,,,,,,,,
PuzzleAndDragons,1337,gaming,,,,,,,,,,,,,,,,,,,,,,,,
GameDeals,1289,gaming,x,,,,,,,,,,,,,,,,,,,,,,,
HeroesofNewerth,1246,gaming,,,,,,,,,,,,,,,,,,,,,,,,
dragonage,1239,gaming,,,,,,,,,,,,,,,,,,,,,,,,
dndnext,1229,gaming,,,,,,,,,,,,,,,,,,,,,,,,
blackops2,1220,gaming,,,,,,,,,,,,,,,,,,,,,,,,
mindcrack,1216,gaming,,,,,,,,,,,,,,,,,,,,,,,,
zelda,1182,gaming,,,,,,,,,,,,,,,,,,,,,,,,
Bravenewbies,1132,gaming,,,,,,,,,,,,,,,,,,,,,,,,
dwarffortress,1132,gaming,,,,,,,,,,,,,,,,,,,,,,,,
Terraria,1105,gaming,,,,,,,,,,,,,,,,,,,,,,,,
twitchplayspokemon,1098,gaming,,,,,,,,,,,,,,,,,,,,,,,,
minecraftsuggestions,1096,gaming,,,,,,,,,,,,,,,,,,,,,,,,
CODZombies,967,gaming,,,,,,,,,,,,,,,,,,,,,,,,
metalgearsolid,963,gaming,,,,,,,,,,,,,,,,,,,,,,,,
learndota2,1077,gaming,,,,,,,,,,,,,,,,,,,,,,,,
CrusaderKings,1035,gaming,,,,,,,,,,,,,,,,,,,,,,,,
fo4,1027,gaming,,,,,,,,,,,,,,,,,,,,,,,,
eu4,1010,gaming,,,,,,,,,,,,,,,,,,,,,,,,
skyrimmods,966,gaming,,,,,,,,,,,,,,,,,,,,,,,,
tf2trade,955,gaming,x,,,,,,,,,,,,,,,,,,,,,,,
GlobalOffensiveTrade,943,gaming,x,,,,,,,,,,,,,,,,,,,,,,,
truetf2,941,gaming,,,,,,,,,,,,,,,,,,,,,,,,
nintendo,934,gaming,,,,,,,,,,,,,,,,,,,,,,,,
Xcom,927,gaming,,,,,,,,,,,,,,,,,,,,,,,,
CodAW,913,gaming,,,,,,,,,,,,,,,,,,,,,,,,
mw3,913,gaming,,,,,,,,,,,,,,,,,,,,,,,,
NoMansSkyTheGame,865,gaming,,,,,,,,,,,,,,,,,,,,,,,,
starbound,863,gaming,,,,,,,,,,,,,,,,,,,,,,,,
TwoXChromosomes,21562,gender,x,x,,,,,,,,,,,,,,,,,,,,,,
AskMen,14538,gender,x,,x,,,,,,,,,,,,,,,,,,,,,
AskWomen,9278,gender,x,x,,,,,,,,,,,,,,,,,,,,,,
MensRights,5136,gender,x,,x,,,,,,,,,,,,,,,,,,,,,
asktransgender,4064,gender,x,x,,,,,,,,,,,,,,,,,,,,,,
ftm,880,gender,x,x,,,,,,,,,,,,,,,,,,,,,,
AskReddit,589947,general,x,,x,,,,,,,,,,,,,,,,,,,,,
funny,40171,general,x,,x,,,,,,,,,,,,,,,,,,,,,
pics,35098,general,x,,x,,,,,,,,,,,,,,,,,,,,,
WTF,25781,general,x,,x,,,,,,,,,,,,,,,,,,,,,
videos,20567,general,x,,x,,,,,,,,,,,,,,,,,,,,,
reddit.com,19020,general,x,,x,,,,,,,,,,,,,,,,,,,,,
pcmasterrace,11348,general,,,,,,,,,,,,,,,,,,,,,,,,
movies,10420,general,,,,,,,,,,,,,,,,,,,,,,,,
Music,6472,general,,,,,,,,,,,,,,,,,,,,,,,,
AdviceAnimals,40783,general,x,,x,,,,,,,,,,,,,,,,,,,,,
fffffffuuuuuuuuuuuu,8542,general,x,,x,,,,,,,,,,,,,,,,,,,,,
aww,4344,general,,,,,,,,,,,,,,,,,,,,,,,,
whowouldwin,3539,general,,,,,,,,,,,,,,,,,,,,,,,,
gifs,3257,general,,,,,,,,,,,,,,,,,,,,,,,,
needadvice,3205,general,x,x,,,,,,,,,,,,,,,,,,,,,,
bestof,3048,general,x,,x,,,,,,,,,,,,,,,,,,,,,
Showerthoughts,2194,general,,,,,,,,,,,,,,,,,,,,,,,,
rant,2154,general,,,,,,,,,,,,,,,,,,,,,,,,
NoStupidQuestions,1976,general,,,,,,,,,,,,,,,,,,,,,,,,
CasualConversation,1896,general,,,,,,,,,,,,,,,,,,,,,,,,
Assistance,1832,general,,,,,,,,,,,,,,,,,,,,,,,,
casualiama,1651,general,,,,,,,,,,,,,,,,,,,,,,,,
mildlyinteresting,1432,general,,,,,,,,,,,,,,,,,,,,,,,,
cringe,1266,general,,,,,,,,,,,,,,,,,,,,,,,,
geek,1062,general,,,,,,,,,,,,,,,,,,,,,,,,
reactiongifs,862,general,,,,,,,,,,,,,,,,,,,,,,,,
BabyBumps,5035,healthcare,,,,,,,,,,,,,,,,,,,,,,,,
SkincareAddiction,2504,healthcare,,,,,,,,,,,,,,,,,,,,,,,,
diabetes,1095,healthcare,,,,,,,,,,,,,,,,,,,,,,,,
birthcontrol,860,healthcare,,,,,,,,,,,,,,,,,,,,,,,,
csgobetting,1186,hobbies,x,,,,,,,,,,,,,,,,,,,,,,,
EDH,1544,hobbies,,,,,,,,,,,,,,,,,,,,,,,,
poker,1532,hobbies,,,,,,,,,,,,,,,,,,,,,,,,
guns,8403,hobbies,,,,,,,,,,,,,,,,,,,,,,,,
cars,4560,hobbies,,,,,,,,,,,,,,,,,,,,,,,,
motorcycles,7457,hobbies,,,,,,,,,,,,,,,,,,,,,,,,
photography,5157,hobbies,,,,,,,,,,,,,,,,,,,,,,,,
Guitar,5135,hobbies,,,,,,,,,,,,,,,,,,,,,,,,
books,4307,hobbies,,,,,,,,,,,,,,,,,,,,,,,,
bicycling,4291,hobbies,,,,,,,,,,,,,,,,,,,,,,,,
LucidDreaming,3688,hobbies,,,,,,,,,,,,,,,,,,,,,,,,
MakeupAddiction,3199,hobbies,,,,,,,,,,,,,,,,,,,,,,,,
boardgames,3015,hobbies,,,,,,,,,,,,,,,,,,,,,,,,
Homebrewing,2977,hobbies,,,,,,,,,,,,,,,,,,,,,,,,
writing,2918,hobbies,,,,,,,,,,,,,,,,,,,,,,,,
hiphopheads,2589,hobbies,,,,,,,,,,,,,,,,,,,,,,,,
cigars,2369,hobbies,,,,,,,,,,,,,,,,,,,,,,,,
DIY,2203,hobbies,,,,,,,,,,,,,,,,,,,,,,,,
wicked_edge,2103,hobbies,,,,,,,,,,,,,,,,,,,,,,,,
longboarding,1723,hobbies,,,,,,,,,,,,,,,,,,,,,,,,
Aquariums,1597,hobbies,,,,,,,,,,,,,,,,,,,,,,,,
vinyl,1494,hobbies,,,,,,,,,,,,,,,,,,,,,,,,
Cooking,1430,hobbies,,,,,,,,,,,,,,,,,,,,,,,,
malefashionadvice,5671,hobbies,,,,,,,,,,,,,,,,,,,,,,,,
Coffee,1394,hobbies,,,,,,,,,,,,,,,,,,,,,,,,
climbing,1376,hobbies,,,,,,,,,,,,,,,,,,,,,,,,
femalefashionadvice,1356,hobbies,,,,,,,,,,,,,,,,,,,,,,,,
food,1335,hobbies,,,,,,,,,,,,,,,,,,,,,,,,
discgolf,1292,hobbies,,,,,,,,,,,,,,,,,,,,,,,,
beer,1291,hobbies,,,,,,,,,,,,,,,,,,,,,,,,
Metal,1202,hobbies,,,,,,,,,,,,,,,,,,,,,,,,
Bass,1175,hobbies,,,,,,,,,,,,,,,,,,,,,,,,
Twitch,1167,hobbies,,,,,,,,,,,,,,,,,,,,,,,,
MTB,1148,hobbies,,,,,,,,,,,,,,,,,,,,,,,,
tattoos,1133,hobbies,,,,,,,,,,,,,,,,,,,,,,,,
Fantasy,1096,hobbies,,,,,,,,,,,,,,,,,,,,,,,,
drums,986,hobbies,,,,,,,,,,,,,,,,,,,,,,,,
snowboarding,984,hobbies,,,,,,,,,,,,,,,,,,,,,,,,
comics,973,hobbies,,,,,,,,,,,,,,,,,,,,,,,,
worldbuilding,1081,hobbies,,,,,,,,,,,,,,,,,,,,,,,,
Warhammer,1026,hobbies,,,,,,,,,,,,,,,,,,,,,,,,
CCW,1022,hobbies,,,,,,,,,,,,,,,,,,,,,,,,
Watches,949,hobbies,,,,,,,,,,,,,,,,,,,,,,,,
gamecollecting,927,hobbies,,,,,,,,,,,,,,,,,,,,,,,,
woodworking,923,hobbies,,,,,,,,,,,,,,,,,,,,,,,,
martialarts,919,hobbies,,,,,,,,,,,,,,,,,,,,,,,,
dataisbeautiful,910,hobbies,,,,,,,,,,,,,,,,,,,,,,,,
Warhammer40k,895,hobbies,,,,,,,,,,,,,,,,,,,,,,,,
gardening,870,hobbies,,,,,,,,,,,,,,,,,,,,,,,,
spikes,861,hobbies,,,,,,,,,,,,,,,,,,,,,,,,
explainlikeimfive,25482,informative,,,,,,,,,,,,,,,,,,,,,,,,
todayilearned,25004,informative,,,,,,,,,,,,,,,,,,,,,,,,
IAmA,22689,informative,,,,,,,,,,,,,,,,,,,,,,,,
science,9062,informative,,,,,,,,,,,,,,,,,,,,,,,,
jobs,5233,informative,,,,,,,,,,,,,,,,,,,,,,,,
WeAreTheMusicMakers,3136,informative,,,,,,,,,,,,,,,,,,,,,,,,
travel,3076,informative,,,,,,,,,,,,,,,,,,,,,,,,
philosophy,3006,informative,,,,,,,,,,,,,,,,,,,,,,,,
weddingplanning,2688,informative,,,,,,,,,,,,,,,,,,,,,,,,
LifeProTips,4145,informative,,,,,,,,,,,,,,,,,,,,,,,,
airsoft,2170,informative,,,,,,,,,,,,,,,,,,,,,,,,
math,1938,informative,,,,,,,,,,,,,,,,,,,,,,,,
IWantToLearn,1761,informative,,,,,,,,,,,,,,,,,,,,,,,,
RealEstate,1478,informative,,,,,,,,,,,,,,,,,,,,,,,,
Filmmakers,1468,informative,,,,,,,,,,,,,,,,,,,,,,,,
space,1350,informative,,,,,,,,,,,,,,,,,,,,,,,,
Teachers,1305,informative,,,,,,,,,,,,,,,,,,,,,,,,
history,1093,informative,,,,,,,,,,,,,,,,,,,,,,,,
psychology,1086,informative,,,,,,,,,,,,,,,,,,,,,,,,
Physics,1067,informative,,,,,,,,,,,,,,,,,,,,,,,,
YouShouldKnow,1045,informative,,,,,,,,,,,,,,,,,,,,,,,,
answers,1033,informative,,,,,,,,,,,,,,,,,,,,,,,,
ABraThatFits,1023,informative,,,,,,,,,,,,,,,,,,,,,,,,
OutOfTheLoop,971,informative,,,,,,,,,,,,,,,,,,,,,,,,
TrueAskReddit,968,informative,,,,,,,,,,,,,,,,,,,,,,,,
AskCulinary,942,informative,,,,,,,,,,,,,,,,,,,,,,,,
childfree,4364,lifestyle,,,,,,,,,,,,,,,,,,,,,,,,
vegan,1577,lifestyle,,,,,,,,,,,,,,,,,,,,,,,,
depression,11365,mental health,x,x,,,,,,,,,,,,,,,,,,,,,,
ADHD,9169,mental health,x,x,,,,,,,,,,,,,,,,,,,,,,
SuicideWatch,2906,mental health,x,x,,,,,,,,,,,,,,,,,,,,,,
Anxiety,4126,mental health,x,x,,,,,,,,,,,,,,,,,,,,,,
bipolar,1646,mental health,x,x,,,,,,,,,,,,,,,,,,,,,,
aspergers,1163,mental health,x,x,,,,,,,,,,,,,,,,,,,,,,
BipolarReddit,1100,mental health,x,x,,,,,,,,,,,,,,,,,,,,,,
socialanxiety,982,mental health,x,x,,,,,,,,,,,,,,,,,,,,,,
Meditation,1044,mental health,,,,,,,,,,,,,,,,,,,,,,,,
circlebroke,948,meta reddit,x,,x,,,,,,,,,,,,,,,,,,,,,
PoliticalDiscussion,3472,news & politics,,,,,,,,,,,,,,,,,,,,,,,,
news,11660,news & politics,,,,,,,,,,,,,,,,,,,,,,,,
politics,36518,news & politics,,,,,,,,,,,,,,,,,,,,,,,,
worldnews,22577,news & politics,,,,,,,,,,,,,,,,,,,,,,,,
changemyview,9212,news & politics,,,,,,,,,,,,,,,,,,,,,,,,
Libertarian,4097,news & politics,,,,,,,,,,,,,,,,,,,,,,,,
TrueReddit,2818,news & politics,,,,,,,,,,,,,,,,,,,,,,,,
Economics,2800,news & politics,,,,,,,,,,,,,,,,,,,,,,,,
india,3497,news & politics,x,,x,,,,,,,,,,,,,,,,,,,,,
Futurology,2219,news & politics,,,,,,,,,,,,,,,,,,,,,,,,
skeptic,1586,news & politics,,,,,,,,,,,,,,,,,,,,,,,,
Health,1455,news & politics,,,,,,,,,,,,,,,,,,,,,,,,
Anarcho_Capitalism,1400,news & politics,,,,,,,,,,,,,,,,,,,,,,,,
offbeat,1298,news & politics,,,,,,,,,,,,,,,,,,,,,,,,
nottheonion,1284,news & politics,,,,,,,,,,,,,,,,,,,,,,,,
Anarchism,1225,news & politics,,,,,,,,,,,,,,,,,,,,,,,,
DebateAnAtheist,1161,news & politics,,,,,,,,,,,,,,,,,,,,,,,,
occupywallstreet,1013,news & politics,x,,,,,,,,,,,,,,,,,,,,,,,
ukpolitics,943,news & politics,,,,,,,,,,,,,,,,,,,,,,,,
law,931,news & politics,,,,,,,,,,,,,,,,,,,,,,,,
Conservative,891,news & politics,,,,,,,,,,,,,,,,,,,,,,,,
rage,859,news & politics,x,,x,,,,,,,,,,,,,,,,,,,,,
sex,28806,NSFW,x,,x,,,,,,,,,,,,,,,,,,,,,
NoFap,13203,NSFW,x,,x,,,,,,,,,,,,,,,,,,,,,
seduction,8784,NSFW,x,,x,,,,,,,,,,,,,,,,,,,,,
OkCupid,7035,NSFW,x,,x,,,,,,,,,,,,,,,,,,,,,
SubredditDrama,3206,NSFW,x,,x,,,,,,,,,,,,,,,,,,,,,
circlejerk,2903,NSFW,x,,x,,,,,,,,,,,,,,,,,,,,,
asktrp,2095,NSFW,x,,x,,,,,,,,,,,,,,,,,,,,,
fatlogic,1819,NSFW,x,,x,,,,,,,,,,,,,,,,,,,,,
JusticePorn,1727,NSFW,x,,x,,,,,,,,,,,,,,,,,,,,,
cringepics,1618,NSFW,x,,x,,,,,,,,,,,,,,,,,,,,,
dirtypenpals,1413,NSFW,x,,x,,,,,,,,,,,,,,,,,,,,,
worldpolitics,889,NSFW,x,,x,,,,,,,,,,,,,,,,,,,,,
bigdickproblems,878,NSFW,x,,x,,,,,,,,,,,,,,,,,,,,,
gonewild,847,NSFW,x,,x,,,,,,,,,,,,,,,,,,,,,
askscience,12037,professional advice,,,,,,,,,,,,,,,,,,,,,,,,
legaladvice,9523,professional advice,,,,,,,,,,,,,,,,,,,,,,,,
Entrepreneur,2561,professional advice,,,,,,,,,,,,,,,,,,,,,,,,
AskHistorians,3927,professional advice,,,,,,,,,,,,,,,,,,,,,,,,
Military,1778,professional advice,,,,,,,,,,,,,,,,,,,,,,,,
engineering,1547,professional advice,,,,,,,,,,,,,,,,,,,,,,,,
MechanicAdvice,1373,professional advice,,,,,,,,,,,,,,,,,,,,,,,,
AskDocs,1331,professional advice,,,,,,,,,,,,,,,,,,,,,,,,
AskEngineers,1322,professional advice,,,,,,,,,,,,,,,,,,,,,,,,
startups,1278,professional advice,,,,,,,,,,,,,,,,,,,,,,,,
Accounting,1147,professional advice,,,,,,,,,,,,,,,,,,,,,,,,
business,1096,professional advice,,,,,,,,,,,,,,,,,,,,,,,,
nursing,1093,professional advice,,,,,,,,,,,,,,,,,,,,,,,,
audioengineering,1077,professional advice,,,,,,,,,,,,,,,,,,,,,,,,
AirForce,1067,professional advice,,,,,,,,,,,,,,,,,,,,,,,,
KitchenConfidential,1049,professional advice,,,,,,,,,,,,,,,,,,,,,,,,
flying,952,professional advice,,,,,,,,,,,,,,,,,,,,,,,,
army,952,professional advice,,,,,,,,,,,,,,,,,,,,,,,,
graphic_design,910,professional advice,,,,,,,,,,,,,,,,,,,,,,,,
medicine,866,professional advice,,,,,,,,,,,,,,,,,,,,,,,,
Dentistry,864,professional advice,,,,,,,,,,,,,,,,,,,,,,,,
nfl,8841,professional sports,,,,,,,,,,,,,,,,,,,,,,,,
SquaredCircle,6465,professional sports,,,,,,,,,,,,,,,,,,,,,,,,
nba,6333,professional sports,,,,,,,,,,,,,,,,,,,,,,,,
soccer,5740,professional sports,,,,,,,,,,,,,,,,,,,,,,,,
fantasyfootball,4968,professional sports,,,,,,,,,,,,,,,,,,,,,,,,
CFB,4912,professional sports,,,,,,,,,,,,,,,,,,,,,,,,
hockey,4181,professional sports,,,,,,,,,,,,,,,,,,,,,,,,
baseball,2321,professional sports,,,,,,,,,,,,,,,,,,,,,,,,
bjj,2191,professional sports,,,,,,,,,,,,,,,,,,,,,,,,
golf,2142,professional sports,,,,,,,,,,,,,,,,,,,,,,,,
MMA,1932,professional sports,,,,,,,,,,,,,,,,,,,,,,,,
FIFA,1738,professional sports,,,,,,,,,,,,,,,,,,,,,,,,
formula1,1590,professional sports,,,,,,,,,,,,,,,,,,,,,,,,
Gunners,1325,professional sports,,,,,,,,,,,,,,,,,,,,,,,,
sports,1207,professional sports,,,,,,,,,,,,,,,,,,,,,,,,
MLS,987,professional sports,,,,,,,,,,,,,,,,,,,,,,,,
LiverpoolFC,943,professional sports,,,,,,,,,,,,,,,,,,,,,,,,
reddevils,908,professional sports,,,,,,,,,,,,,,,,,,,,,,,,
gaybros,3745,queer culture,x,x,,,,,,,,,,,,,,,,,,,,,,
actuallesbians,3495,queer culture,x,x,,,,,,,,,,,,,,,,,,,,,,
lgbt,3818,queer culture,x,x,,,,,,,,,,,,,,,,,,,,,,
askgaybros,3434,queer culture,x,x,,,,,,,,,,,,,,,,,,,,,,
bisexual,1577,queer culture,x,x,,,,,,,,,,,,,,,,,,,,,,
gaymers,1346,queer culture,x,x,,,,,,,,,,,,,,,,,,,,,,
ainbow,1085,queer culture,x,x,,,,,,,,,,,,,,,,,,,,,,
relationships,352049,relationships,x,x,,,,,,,,,,,,,,,,,,,,,,
relationship_advice,50416,relationships,x,x,,,,,,,,,,,,,,,,,,,,,,
askwomenadvice,3212,relationships,x,x,,,,,,,,,,,,,,,,,,,,,,
r4r,2366,relationships,x,x,,,,,,,,,,,,,,,,,,,,,,
dating_advice,12361,relationships,x,x,,,,,,,,,,,,,,,,,,,,,,
self,10166,relationships,x,x,,,,,,,,,,,,,,,,,,,,,,
raisedbynarcissists,6698,relationships,x,x,,,,,,,,,,,,,,,,,,,,,,
BreakUps,5394,relationships,x,x,,,,,,,,,,,,,,,,,,,,,,
Parenting,4379,relationships,x,x,,,,,,,,,,,,,,,,,,,,,,
LongDistance,3975,relationships,x,x,,,,,,,,,,,,,,,,,,,,,,
ForeverAlone,2363,relationships,x,,x,,,,,,,,,,,,,,,,,,,,,
DeadBedrooms,2251,relationships,x,,x,,,,,,,,,,,,,,,,,,,,,
socialskills,2242,relationships,x,x,,,,,,,,,,,,,,,,,,,,,,
ihaveissues,1658,relationships,x,,x,,,,,,,,,,,,,,,,,,,,,
dating,1170,relationships,x,,x,,,,,,,,,,,,,,,,,,,,,
breakingmom,1166,relationships,x,x,,,,,,,,,,,,,,,,,,,,,,
beyondthebump,972,relationships,x,x,,,,,,,,,,,,,,,,,,,,,,
daddit,941,relationships,x,x,,,,,,,,,,,,,,,,,,,,,,
atheism,43268,religion,,,,,,,,,,,,,,,,,,,,,,,,
Christianity,9146,religion,,,,,,,,,,,,,,,,,,,,,,,,
exmormon,4777,religion,,,,,,,,,,,,,,,,,,,,,,,,
DebateReligion,3480,religion,,,,,,,,,,,,,,,,,,,,,,,,
TrueAtheism,2217,religion,,,,,,,,,,,,,,,,,,,,,,,,
DebateAChristian,1649,religion,,,,,,,,,,,,,,,,,,,,,,,,
islam,1438,religion,,,,,,,,,,,,,,,,,,,,,,,,
Catholicism,1291,religion,,,,,,,,,,,,,,,,,,,,,,,,
exjw,1288,religion,,,,,,,,,,,,,,,,,,,,,,,,
Buddhism,1112,religion,,,,,,,,,,,,,,,,,,,,,,,,
exmuslim,885,religion,,,,,,,,,,,,,,,,,,,,,,,,
introvert,883,self help,x,x,,,,,,,,,,,,,,,,,,,,,,
GetMotivated,2216,self help,,,,,,,,,,,,,,,,,,,,,,,,
howtonotgiveafuck,1600,self help,,,,,,,,,,,,,,,,,,,,,,,,
intj,1372,self help,,,,,,,,,,,,,,,,,,,,,,,,
INTP,1294,self help,,,,,,,,,,,,,,,,,,,,,,,,
getdisciplined,1158,self help,,,,,,,,,,,,,,,,,,,,,,,,
polyamory,3142,sexuality,x,x,,,,,,,,,,,,,,,,,,,,,,
BDSMcommunity,2047,sexuality,x,,x,,,,,,,,,,,,,,,,,,,,,
programming,4547,software dev,,,,,,,,,,,,,,,,,,,,,,,,
learnprogramming,4274,software dev,,,,,,,,,,,,,,,,,,,,,,,,
cscareerquestions,3358,software dev,,,,,,,,,,,,,,,,,,,,,,,,
gamedev,3033,software dev,,,,,,,,,,,,,,,,,,,,,,,,
webdev,2212,software dev,,,,,,,,,,,,,,,,,,,,,,,,
web_design,1918,software dev,,,,,,,,,,,,,,,,,,,,,,,,
tifu,52219,stories,,,,,,,,,,,,,,,,,,,,,,,,
talesfromtechsupport,11537,stories,,,,,,,,,,,,,,,,,,,,,,,,
TalesFromRetail,8785,stories,,,,,,,,,,,,,,,,,,,,,,,,
fatpeoplestories,4926,stories,x,,x,,,,,,,,,,,,,,,,,,,,,
Random_Acts_Of_Amazon,2363,stories,,,,,,,,,,,,,,,,,,,,,,,,
LetsNotMeet,1793,stories,x,,x,,,,,,,,,,,,,,,,,,,,,
Glitch_in_the_Matrix,1487,stories,,,,,,,,,,,,,,,,,,,,,,,,
TalesFromYourServer,1455,stories,,,,,,,,,,,,,,,,,,,,,,,,
Dreams,1213,stories,,,,,,,,,,,,,,,,,,,,,,,,
Paranormal,1099,stories,,,,,,,,,,,,,,,,,,,,,,,,
nosleep,964,stories,,,,,,,,,,,,,,,,,,,,,,,,
technology,13700,tech,,,,,,,,,,,,,,,,,,,,,,,,
sysadmin,5371,tech,,,,,,,,,,,,,,,,,,,,,,,,
apple,4612,tech,,,,,,,,,,,,,,,,,,,,,,,,
linux,2751,tech,,,,,,,,,,,,,,,,,,,,,,,,
jailbreak,2628,tech,,,,,,,,,,,,,,,,,,,,,,,,
buildapc,14817,tech,,,,,,,,,,,,,,,,,,,,,,,,
techsupport,9544,tech,,,,,,,,,,,,,,,,,,,,,,,,
Android,7942,tech,,,,,,,,,,,,,,,,,,,,,,,,
iphone,2232,tech,,,,,,,,,,,,,,,,,,,,,,,,
oculus,2111,tech,,,,,,,,,,,,,,,,,,,,,,,,
3DS,2106,tech,,,,,,,,,,,,,,,,,,,,,,,,
Steam,1954,tech,,,,,,,,,,,,,,,,,,,,,,,,
windowsphone,1799,tech,,,,,,,,,,,,,,,,,,,,,,,,
AndroidQuestions,1798,tech,,,,,,,,,,,,,,,,,,,,,,,,
applehelp,1792,tech,,,,,,,,,,,,,,,,,,,,,,,,
headphones,1735,tech,,,,,,,,,,,,,,,,,,,,,,,,
hardware,1646,tech,,,,,,,,,,,,,,,,,,,,,,,,
edmproduction,1633,tech,,,,,,,,,,,,,,,,,,,,,,,,
letsplay,1623,tech,,,,,,,,,,,,,,,,,,,,,,,,
MechanicalKeyboards,1528,tech,,,,,,,,,,,,,,,,,,,,,,,,
wiiu,1495,tech,,,,,,,,,,,,,,,,,,,,,,,,
vita,1441,tech,,,,,,,,,,,,,,,,,,,,,,,,
PS3,1263,tech,,,,,,,,,,,,,,,,,,,,,,,,
audiophile,1175,tech,,,,,,,,,,,,,,,,,,,,,,,,
gadgets,1152,tech,,,,,,,,,,,,,,,,,,,,,,,,
networking,1141,tech,,,,,,,,,,,,,,,,,,,,,,,,
subaru,1060,tech,,,,,,,,,,,,,,,,,,,,,,,,
SuggestALaptop,1059,tech,,,,,,,,,,,,,,,,,,,,,,,,
Cartalk,1057,tech,,,,,,,,,,,,,,,,,,,,,,,,
mac,932,tech,,,,,,,,,,,,,,,,,,,,,,,,
Surface,916,tech,,,,,,,,,,,,,,,,,,,,,,,,
TrollXChromosomes,1546,toxic,x,,x,,,,,,,,,,,,,,,,,,,,,
TheRedPill,4973,toxic,x,,x,,,,,,,,,,,,,,,,,,,,,
TumblrInAction,4074,toxic,x,,x,,,,,,,,,,,,,,,,,,,,,
pettyrevenge,4559,toxic,x,,x,,,,,,,,,,,,,,,,,,,,,
conspiracy,3531,toxic,x,,x,,,,,,,,,,,,,,,,,,,,,
fatpeoplehate,996,toxic,x,,x,,,,,,,,,,,,,,,,,,,,,
4chan,1056,toxic,x,,x,,,,,,,,,,,,,,,,,,,,,
,,,,,,,,,,,,,,,,,,,,,,,,,,
,,,,,,,,,,,,,,,,,,,,,,,,,,
,,,,,,,,,,,,,,,,,,,,,,,,,,
,,,,,,,,,,,,,,,,,,,,,,,,,,
,,,,,,,,,,,,,,,,,,,,,,,,,,
,,,,,,,,,,,,,,,,,,,,,,,,,,
,,,,,,,,,,,,,,,,,,,,,,,,,,
,,,,,,,,,,,,,,,,,,,,,,,,,,
,,,,,,,,,,,,,,,,,,,,,,,,,,
,,,,,,,,,,,,,,,,,,,,,,,,,,
,,,,,,,,,,,,,,,,,,,,,,,,,,
,,,,,,,,,,,,,,,,,,,,,,,,,,
,,,,,,,,,,,,,,,,,,,,,,,,,,
,,,,,,,,,,,,,,,,,,,,,,,,,,
,,,,,,,,,,,,,,,,,,,,,,,,,,
,,,,,,,,,,,,,,,,,,,,,,,,,,
,,,,,,,,,,,,,,,,,,,,,,,,,,
,,,,,,,,,,,,,,,,,,,,,,,,,,
,,,,,,,,,,,,,,,,,,,,,,,,,,
,,,,,,,,,,,,,,,,,,,,,,,,,,
,,,,,,,,,,,,,,,,,,,,,,,,,,
,,,,,,,,,,,,,,,,,,,,,,,,,,
,,,,,,,,,,,,,,,,,,,,,,,,,,
,,,,,,,,,,,,,,,,,,,,,,,,,,
,,,,,,,,,,,,,,,,,,,,,,,,,,
,,,,,,,,,,,,,,,,,,,,,,,,,,
,,,,,,,,,,,,,,,,,,,,,,,,,,
,,,,,,,,,,,,,,,,,,,,,,,,,,
,,,,,,,,,,,,,,,,,,,,,,,,,,
,,,,,,,,,,,,,,,,,,,,,,,,,,
,,,,,,,,,,,,,,,,,,,,,,,,,,
,,,,,,,,,,,,,,,,,,,,,,,,,,
,,,,,,,,,,,,,,,,,,,,,,,,,,
,,,,,,,,,,,,,,,,,,,,,,,,,,
,,,,,,,,,,,,,,,,,,,,,,,,,,
,,,,,,,,,,,,,,,,,,,,,,,,,,
,,,,,,,,,,,,,,,,,,,,,,,,,,
,,,,,,,,,,,,,,,,,,,,,,,,,,
,,,,,,,,,,,,,,,,,,,,,,,,,,
,,,,,,,,,,,,,,,,,,,,,,,,,,
,,,,,,,,,,,,,,,,,,,,,,,,,,
,,,,,,,,,,,,,,,,,,,,,,,,,,
,,,,,,,,,,,,,,,,,,,,,,,,,,
,,,,,,,,,,,,,,,,,,,,,,,,,,
,,,,,,,,,,,,,,,,,,,,,,,,,,
,,,,,,,,,,,,,,,,,,,,,,,,,,
,,,,,,,,,,,,,,,,,,,,,,,,,,
,,,,,,,,,,,,,,,,,,,,,,,,,,
,,,,,,,,,,,,,,,,,,,,,,,,,,
,,,,,,,,,,,,,,,,,,,,,,,,,,
,,,,,,,,,,,,,,,,,,,,,,,,,,
,,,,,,,,,,,,,,,,,,,,,,,,,,
,,,,,,,,,,,,,,,,,,,,,,,,,,
,,,,,,,,,,,,,,,,,,,,,,,,,,
,,,,,,,,,,,,,,,,,,,,,,,,,,
,,,,,,,,,,,,,,,,,,,,,,,,,,
,,,,,,,,,,,,,,,,,,,,,,,,,,
,,,,,,,,,,,,,,,,,,,,,,,,,,
,,,,,,,,,,,,,,,,,,,,,,,,,,
,,,,,,,,,,,,,,,,,,,,,,,,,,
,,,,,,,,,,,,,,,,,,,,,,,,,,
,,,,,,,,,,,,,,,,,,,,,,,,,,
,,,,,,,,,,,,,,,,,,,,,,,,,,
,,,,,,,,,,,,,,,,,,,,,,,,,,
,,,,,,,,,,,,,,,,,,,,,,,,,,
,,,,,,,,,,,,,,,,,,,,,,,,,,
,,,,,,,,,,,,,,,,,,,,,,,,,,
,,,,,,,,,,,,,,,,,,,,,,,,,,
,,,,,,,,,,,,,,,,,,,,,,,,,,
,,,,,,,,,,,,,,,,,,,,,,,,,,
,,,,,,,,,,,,,,,,,,,,,,,,,,
,,,,,,,,,,,,,,,,,,,,,,,,,,
,,,,,,,,,,,,,,,,,,,,,,,,,,
,,,,,,,,,,,,,,,,,,,,,,,,,,
,,,,,,,,,,,,,,,,,,,,,,,,,,
,,,,,,,,,,,,,,,,,,,,,,,,,,
,,,,,,,,,,,,,,,,,,,,,,,,,,
,,,,,,,,,,,,,,,,,,,,,,,,,,
,,,,,,,,,,,,,,,,,,,,,,,,,,
,,,,,,,,,,,,,,,,,,,,,,,,,,
,,,,,,,,,,,,,,,,,,,,,,,,,,
,,,,,,,,,,,,,,,,,,,,,,,,,,
,,,,,,,,,,,,,,,,,,,,,,,,,,
,,,,,,,,,,,,,,,,,,,,,,,,,,
,,,,,,,,,,,,,,,,,,,,,,,,,,
,,,,,,,,,,,,,,,,,,,,,,,,,,
,,,,,,,,,,,,,,,,,,,,,,,,,,
,,,,,,,,,,,,,,,,,,,,,,,,,,
,,,,,,,,,,,,,,,,,,,,,,,,,,
,,,,,,,,,,,,,,,,,,,,,,,,,,
,,,,,,,,,,,,,,,,,,,,,,,,,,
,,,,,,,,,,,,,,,,,,,,,,,,,,
,,,,,,,,,,,,,,,,,,,,,,,,,,
,,,,,,,,,,,,,,,,,,,,,,,,,,
,,,,,,,,,,,,,,,,,,,,,,,,,,
,,,,,,,,,,,,,,,,,,,,,,,,,,
,,,,,,,,,,,,,,,,,,,,,,,,,,
,,,,,,,,,,,,,,,,,,,,,,,,,,
,,,,,,,,,,,,,,,,,,,,,,,,,,
,,,,,,,,,,,,,,,,,,,,,,,,,,
,,,,,,,,,,,,,,,,,,,,,,,,,,
,,,,,,,,,,,,,,,,,,,,,,,,,,
,,,,,,,,,,,,,,,,,,,,,,,,,,
,,,,,,,,,,,,,,,,,,,,,,,,,,
,,,,,,,,,,,,,,,,,,,,,,,,,,
,,,,,,,,,,,,,,,,,,,,,,,,,,
,,,,,,,,,,,,,,,,,,,,,,,,,,
,,,,,,,,,,,,,,,,,,,,,,,,,,
,,,,,,,,,,,,,,,,,,,,,,,,,,
,,,,,,,,,,,,,,,,,,,,,,,,,,
,,,,,,,,,,,,,,,,,,,,,,,,,,
,,,,,,,,,,,,,,,,,,,,,,,,,,
,,,,,,,,,,,,,,,,,,,,,,,,,,
,,,,,,,,,,,,,,,,,,,,,,,,,,
,,,,,,,,,,,,,,,,,,,,,,,,,,
,,,,,,,,,,,,,,,,,,,,,,,,,,
,,,,,,,,,,,,,,,,,,,,,,,,,,
,,,,,,,,,,,,,,,,,,,,,,,,,,
,,,,,,,,,,,,,,,,,,,,,,,,,,
,,,,,,,,,,,,,,,,,,,,,,,,,,
,,,,,,,,,,,,,,,,,,,,,,,,,,
,,,,,,,,,,,,,,,,,,,,,,,,,,
,,,,,,,,,,,,,,,,,,,,,,,,,,
,,,,,,,,,,,,,,,,,,,,,,,,,,
,,,,,,,,,,,,,,,,,,,,,,,,,,
,,,,,,,,,,,,,,,,,,,,,,,,,,
,,,,,,,,,,,,,,,,,,,,,,,,,,
,,,,,,,,,,,,,,,,,,,,,,,,,,
,,,,,,,,,,,,,,,,,,,,,,,,,,
,,,,,,,,,,,,,,,,,,,,,,,,,,
,,,,,,,,,,,,,,,,,,,,,,,,,,
,,,,,,,,,,,,,,,,,,,,,,,,,,
,,,,,,,,,,,,,,,,,,,,,,,,,,
,,,,,,,,,,,,,,,,,,,,,,,,,,
,,,,,,,,,,,,,,,,,,,,,,,,,,
,,,,,,,,,,,,,,,,,,,,,,,,,,
,,,,,,,,,,,,,,,,,,,,,,,,,,
,,,,,,,,,,,,,,,,,,,,,,,,,,
,,,,,,,,,,,,,,,,,,,,,,,,,,
,,,,,,,,,,,,,,,,,,,,,,,,,,
,,,,,,,,,,,,,,,,,,,,,,,,,,
,,,,,,,,,,,,,,,,,,,,,,,,,,
,,,,,,,,,,,,,,,,,,,,,,,,,,
,,,,,,,,,,,,,,,,,,,,,,,,,,
,,,,,,,,,,,,,,,,,,,,,,,,,,
,,,,,,,,,,,,,,,,,,,,,,,,,,
,,,,,,,,,,,,,,,,,,,,,,,,,,
,,,,,,,,,,,,,,,,,,,,,,,,,,
,,,,,,,,,,,,,,,,,,,,,,,,,,
,,,,,,,,,,,,,,,,,,,,,,,,,,
,,,,,,,,,,,,,,,,,,,,,,,,,,
,,,,,,,,,,,,,,,,,,,,,,,,,,
,,,,,,,,,,,,,,,,,,,,,,,,,,
,,,,,,,,,,,,,,,,,,,,,,,,,,
,,,,,,,,,,,,,,,,,,,,,,,,,,
,,,,,,,,,,,,,,,,,,,,,,,,,,
,,,,,,,,,,,,,,,,,,,,,,,,,,
,,,,,,,,,,,,,,,,,,,,,,,,,,
,,,,,,,,,,,,,,,,,,,,,,,,,,
,,,,,,,,,,,,,,,,,,,,,,,,,,
,,,,,,,,,,,,,,,,,,,,,,,,,,
,,,,,,,,,,,,,,,,,,,,,,,,,,
,,,,,,,,,,,,,,,,,,,,,,,,,,
,,,,,,,,,,,,,,,,,,,,,,,,,,
,,,,,,,,,,,,,,,,,,,,,,,,,,
,,,,,,,,,,,,,,,,,,,,,,,,,,
,,,,,,,,,,,,,,,,,,,,,,,,,,
,,,,,,,,,,,,,,,,,,,,,,,,,,
,,,,,,,,,,,,,,,,,,,,,,,,,,
,,,,,,,,,,,,,,,,,,,,,,,,,,
,,,,,,,,,,,,,,,,,,,,,,,,,,
,,,,,,,,,,,,,,,,,,,,,,,,,,
,,,,,,,,,,,,,,,,,,,,,,,,,,
,,,,,,,,,,,,,,,,,,,,,,,,,,
,,,,,,,,,,,,,,,,,,,,,,,,,,
,,,,,,,,,,,,,,,,,,,,,,,,,,
,,,,,,,,,,,,,,,,,,,,,,,,,,
,,,,,,,,,,,,,,,,,,,,,,,,,,
,,,,,,,,,,,,,,,,,,,,,,,,,,
,,,,,,,,,,,,,,,,,,,,,,,,,,
,,,,,,,,,,,,,,,,,,,,,,,,,,
,,,,,,,,,,,,,,,,,,,,,,,,,,
,,,,,,,,,,,,,,,,,,,,,,,,,,
,,,,,,,,,,,,,,,,,,,,,,,,,,
,,,,,,,,,,,,,,,,,,,,,,,,,,
,,,,,,,,,,,,,,,,,,,,,,,,,,
,,,,,,,,,,,,,,,,,,,,,,,,,,
,,,,,,,,,,,,,,,,,,,,,,,,,,
,,,,,,,,,,,,,,,,,,,,,,,,,,
,,,,,,,,,,,,,,,,,,,,,,,,,,
,,,,,,,,,,,,,,,,,,,,,,,,,,
,,,,,,,,,,,,,,,,,,,,,,,,,,
,,,,,,,,,,,,,,,,,,,,,,,,,,
,,,,,,,,,,,,,,,,,,,,,,,,,,
,,,,,,,,,,,,,,,,,,,,,,,,,,
,,,,,,,,,,,,,,,,,,,,,,,,,,
,,,,,,,,,,,,,,,,,,,,,,,,,,
,,,,,,,,,,,,,,,,,,,,,,,,,,
,,,,,,,,,,,,,,,,,,,,,,,,,,
,,,,,,,,,,,,,,,,,,,,,,,,,,
,,,,,,,,,,,,,,,,,,,,,,,,,,
,,,,,,,,,,,,,,,,,,,,,,,,,,
,,,,,,,,,,,,,,,,,,,,,,,,,,
,,,,,,,,,,,,,,,,,,,,,,,,,,
,,,,,,,,,,,,,,,,,,,,,,,,,,
,,,,,,,,,,,,,,,,,,,,,,,,,,
,,,,,,,,,,,,,,,,,,,,,,,,,,
,,,,,,,,,,,,,,,,,,,,,,,,,,
,,,,,,,,,,,,,,,,,,,,,,,,,,
,,,,,,,,,,,,,,,,,,,,,,,,,,
,,,,,,,,,,,,,,,,,,,,,,,,,,
,,,,,,,,,,,,,,,,,,,,,,,,,,
,,,,,,,,,,,,,,,,,,,,,,,,,,
,,,,,,,,,,,,,,,,,,,,,,,,,,
,,,,,,,,,,,,,,,,,,,,,,,,,,
,,,,,,,,,,,,,,,,,,,,,,,,,,
,,,,,,,,,,,,,,,,,,,,,,,,,,
,,,,,,,,,,,,,,,,,,,,,,,,,,
,,,,,,,,,,,,,,,,,,,,,,,,,,
,,,,,,,,,,,,,,,,,,,,,,,,,,
,,,,,,,,,,,,,,,,,,,,,,,,,,
,,,,,,,,,,,,,,,,,,,,,,,,,,
,,,,,,,,,,,,,,,,,,,,,,,,,,
,,,,,,,,,,,,,,,,,,,,,,,,,,
,,,,,,,,,,,,,,,,,,,,,,,,,,
,,,,,,,,,,,,,,,,,,,,,,,,,,
,,,,,,,,,,,,,,,,,,,,,,,,,,
,,,,,,,,,,,,,,,,,,,,,,,,,,
,,,,,,,,,,,,,,,,,,,,,,,,,,
,,,,,,,,,,,,,,,,,,,,,,,,,,
,,,,,,,,,,,,,,,,,,,,,,,,,,
,,,,,,,,,,,,,,,,,,,,,,,,,,
,,,,,,,,,,,,,,,,,,,,,,,,,,
,,,,,,,,,,,,,,,,,,,,,,,,,,
,,,,,,,,,,,,,,,,,,,,,,,,,,
,,,,,,,,,,,,,,,,,,,,,,,,,,
,,,,,,,,,,,,,,,,,,,,,,,,,,
,,,,,,,,,,,,,,,,,,,,,,,,,,
,,,,,,,,,,,,,,,,,,,,,,,,,,
,,,,,,,,,,,,,,,,,,,,,,,,,,
,,,,,,,,,,,,,,,,,,,,,,,,,,
,,,,,,,,,,,,,,,,,,,,,,,,,,
,,,,,,,,,,,,,,,,,,,,,,,,,,
,,,,,,,,,,,,,,,,,,,,,,,,,,
,,,,,,,,,,,,,,,,,,,,,,,,,,
,,,,,,,,,,,,,,,,,,,,,,,,,,
,,,,,,,,,,,,,,,,,,,,,,,,,,
,,,,,,,,,,,,,,,,,,,,,,,,,,
,,,,,,,,,,,,,,,,,,,,,,,,,,
,,,,,,,,,,,,,,,,,,,,,,,,,,
,,,,,,,,,,,,,,,,,,,,,,,,,,
,,,,,,,,,,,,,,,,,,,,,,,,,,
,,,,,,,,,,,,,,,,,,,,,,,,,,
,,,,,,,,,,,,,,,,,,,,,,,,,,
,,,,,,,,,,,,,,,,,,,,,,,,,,
,,,,,,,,,,,,,,,,,,,,,,,,,,
,,,,,,,,,,,,,,,,,,,,,,,,,,
,,,,,,,,,,,,,,,,,,,,,,,,,,
,,,,,,,,,,,,,,,,,,,,,,,,,,
,,,,,,,,,,,,,,,,,,,,,,,,,,
,,,,,,,,,,,,,,,,,,,,,,,,,,
,,,,,,,,,,,,,,,,,,,,,,,,,,
,,,,,,,,,,,,,,,,,,,,,,,,,,
,,,,,,,,,,,,,,,,,,,,,,,,,,
,,,,,,,,,,,,,,,,,,,,,,,,,,
,,,,,,,,,,,,,,,,,,,,,,,,,,
,,,,,,,,,,,,,,,,,,,,,,,,,,
,,,,,,,,,,,,,,,,,,,,,,,,,,
,,,,,,,,,,,,,,,,,,,,,,,,,,
,,,,,,,,,,,,,,,,,,,,,,,,,,
,,,,,,,,,,,,,,,,,,,,,,,,,,
,,,,,,,,,,,,,,,,,,,,,,,,,,
,,,,,,,,,,,,,,,,,,,,,,,,,,
,,,,,,,,,,,,,,,,,,,,,,,,,,
,,,,,,,,,,,,,,,,,,,,,,,,,,
,,,,,,,,,,,,,,,,,,,,,,,,,,
,,,,,,,,,,,,,,,,,,,,,,,,,,
,,,,,,,,,,,,,,,,,,,,,,,,,,
,,,,,,,,,,,,,,,,,,,,,,,,,,
,,,,,,,,,,,,,,,,,,,,,,,,,,
,,,,,,,,,,,,,,,,,,,,,,,,,,
,,,,,,,,,,,,,,,,,,,,,,,,,,
,,,,,,,,,,,,,,,,,,,,,,,,,,
,,,,,,,,,,,,,,,,,,,,,,,,,,
,,,,,,,,,,,,,,,,,,,,,,,,,,
,,,,,,,,,,,,,,,,,,,,,,,,,,
,,,,,,,,,,,,,,,,,,,,,,,,,,
,,,,,,,,,,,,,,,,,,,,,,,,,,
,,,,,,,,,,,,,,,,,,,,,,,,,,
,,,,,,,,,,,,,,,,,,,,,,,,,,
,,,,,,,,,,,,,,,,,,,,,,,,,,
,,,,,,,,,,,,,,,,,,,,,,,,,,
,,,,,,,,,,,,,,,,,,,,,,,,,,
,,,,,,,,,,,,,,,,,,,,,,,,,,
,,,,,,,,,,,,,,,,,,,,,,,,,,
,,,,,,,,,,,,,,,,,,,,,,,,,,
,,,,,,,,,,,,,,,,,,,,,,,,,,
,,,,,,,,,,,,,,,,,,,,,,,,,,
,,,,,,,,,,,,,,,,,,,,,,,,,,
,,,,,,,,,,,,,,,,,,,,,,,,,,
,,,,,,,,,,,,,,,,,,,,,,,,,,
,,,,,,,,,,,,,,,,,,,,,,,,,,
,,,,,,,,,,,,,,,,,,,,,,,,,,
,,,,,,,,,,,,,,,,,,,,,,,,,,
,,,,,,,,,,,,,,,,,,,,,,,,,,
,,,,,,,,,,,,,,,,,,,,,,,,,,
,,,,,,,,,,,,,,,,,,,,,,,,,,
,,,,,,,,,,,,,,,,,,,,,,,,,,
,,,,,,,,,,,,,,,,,,,,,,,,,,
,,,,,,,,,,,,,,,,,,,,,,,,,,
,,,,,,,,,,,,,,,,,,,,,,,,,,
,,,,,,,,,,,,,,,,,,,,,,,,,,
,,,,,,,,,,,,,,,,,,,,,,,,,,
,,,,,,,,,,,,,,,,,,,,,,,,,,
,,,,,,,,,,,,,,,,,,,,,,,,,,
,,,,,,,,,,,,,,,,,,,,,,,,,,
,,,,,,,,,,,,,,,,,,,,,,,,,,
,,,,,,,,,,,,,,,,,,,,,,,,,,
,,,,,,,,,,,,,,,,,,,,,,,,,,
,,,,,,,,,,,,,,,,,,,,,,,,,,
,,,,,,,,,,,,,,,,,,,,,,,,,,
,,,,,,,,,,,,,,,,,,,,,,,,,,
,,,,,,,,,,,,,,,,,,,,,,,,,,
,,,,,,,,,,,,,,,,,,,,,,,,,,
,,,,,,,,,,,,,,,,,,,,,,,,,,
,,,,,,,,,,,,,,,,,,,,,,,,,,
,,,,,,,,,,,,,,,,,,,,,,,,,,
,,,,,,,,,,,,,,,,,,,,,,,,,,
,,,,,,,,,,,,,,,,,,,,,,,,,,
,,,,,,,,,,,,,,,,,,,,,,,,,,
,,,,,,,,,,,,,,,,,,,,,,,,,,
,,,,,,,,,,,,,,,,,,,,,,,,,,
,,,,,,,,,,,,,,,,,,,,,,,,,,
,,,,,,,,,,,,,,,,,,,,,,,,,,
,,,,,,,,,,,,,,,,,,,,,,,,,,
,,,,,,,,,,,,,,,,,,,,,,,,,,
,,,,,,,,,,,,,,,,,,,,,,,,,,
,,,,,,,,,,,,,,,,,,,,,,,,,,
,,,,,,,,,,,,,,,,,,,,,,,,,,
,,,,,,,,,,,,,,,,,,,,,,,,,,
,,,,,,,,,,,,,,,,,,,,,,,,,,
,,,,,,,,,,,,,,,,,,,,,,,,,,
,,,,,,,,,,,,,,,,,,,,,,,,,,
,,,,,,,,,,,,,,,,,,,,,,,,,,
,,,,,,,,,,,,,,,,,,,,,,,,,,
,,,,,,,,,,,,,,,,,,,,,,,,,,
,,,,,,,,,,,,,,,,,,,,,,,,,,
,,,,,,,,,,,,,,,,,,,,,,,,,,
,,,,,,,,,,,,,,,,,,,,,,,,,,
,,,,,,,,,,,,,,,,,,,,,,,,,,
,,,,,,,,,,,,,,,,,,,,,,,,,,
,,,,,,,,,,,,,,,,,,,,,,,,,,
,,,,,,,,,,,,,,,,,,,,,,,,,,
,,,,,,,,,,,,,,,,,,,,,,,,,,
,,,,,,,,,,,,,,,,,,,,,,,,,,
,,,,,,,,,,,,,,,,,,,,,,,,,,
,,,,,,,,,,,,,,,,,,,,,,,,,,
,,,,,,,,,,,,,,,,,,,,,,,,,,
,,,,,,,,,,,,,,,,,,,,,,,,,,
,,,,,,,,,,,,,,,,,,,,,,,,,,
,,,,,,,,,,,,,,,,,,,,,,,,,,
,,,,,,,,,,,,,,,,,,,,,,,,,,
,,,,,,,,,,,,,,,,,,,,,,,,,,
,,,,,,,,,,,,,,,,,,,,,,,,,,
,,,,,,,,,,,,,,,,,,,,,,,,,,
,,,,,,,,,,,,,,,,,,,,,,,,,,
,,,,,,,,,,,,,,,,,,,,,,,,,,
,,,,,,,,,,,,,,,,,,,,,,,,,,
,,,,,,,,,,,,,,,,,,,,,,,,,,
,,,,,,,,,,,,,,,,,,,,,,,,,,
,,,,,,,,,,,,,,,,,,,,,,,,,,
,,,,,,,,,,,,,,,,,,,,,,,,,,
,,,,,,,,,,,,,,,,,,,,,,,,,,
,,,,,,,,,,,,,,,,,,,,,,,,,,
,,,,,,,,,,,,,,,,,,,,,,,,,,
,,,,,,,,,,,,,,,,,,,,,,,,,,
,,,,,,,,,,,,,,,,,,,,,,,,,,
,,,,,,,,,,,,,,,,,,,,,,,,,,
,,,,,,,,,,,,,,,,,,,,,,,,,,
,,,,,,,,,,,,,,,,,,,,,,,,,,
,,,,,,,,,,,,,,,,,,,,,,,,,,
,,,,,,,,,,,,,,,,,,,,,,,,,,
,,,,,,,,,,,,,,,,,,,,,,,,,,
,,,,,,,,,,,,,,,,,,,,,,,,,,
,,,,,,,,,,,,,,,,,,,,,,,,,,
,,,,,,,,,,,,,,,,,,,,,,,,,,
,,,,,,,,,,,,,,,,,,,,,,,,,,
,,,,,,,,,,,,,,,,,,,,,,,,,,
,,,,,,,,,,,,,,,,,,,,,,,,,,
,,,,,,,,,,,,,,,,,,,,,,,,,,
,,,,,,,,,,,,,,,,,,,,,,,,,,
,,,,,,,,,,,,,,,,,,,,,,,,,,
,,,,,,,,,,,,,,,,,,,,,,,,,,
,,,,,,,,,,,,,,,,,,,,,,,,,,
,,,,,,,,,,,,,,,,,,,,,,,,,,
,,,,,,,,,,,,,,,,,,,,,,,,,,
,,,,,,,,,,,,,,,,,,,,,,,,,,
,,,,,,,,,,,,,,,,,,,,,,,,,,
,,,,,,,,,,,,,,,,,,,,,,,,,,
,,,,,,,,,,,,,,,,,,,,,,,,,,
,,,,,,,,,,,,,,,,,,,,,,,,,,
,,,,,,,,,,,,,,,,,,,,,,,,,,
,,,,,,,,,,,,,,,,,,,,,,,,,,
,,,,,,,,,,,,,,,,,,,,,,,,,,
,,,,,,,,,,,,,,,,,,,,,,,,,,
,,,,,,,,,,,,,,,,,,,,,,,,,,
,,,,,,,,,,,,,,,,,,,,,,,,,,
,,,,,,,,,,,,,,,,,,,,,,,,,,
,,,,,,,,,,,,,,,,,,,,,,,,,,
,,,,,,,,,,,,,,,,,,,,,,,,,,
,,,,,,,,,,,,,,,,,,,,,,,,,,
,,,,,,,,,,,,,,,,,,,,,,,,,,
,,,,,,,,,,,,,,,,,,,,,,,,,,
,,,,,,,,,,,,,,,,,,,,,,,,,,
,,,,,,,,,,,,,,,,,,,,,,,,,,
,,,,,,,,,,,,,,,,,,,,,,,,,,
,,,,,,,,,,,,,,,,,,,,,,,,,,
,,,,,,,,,,,,,,,,,,,,,,,,,,
,,,,,,,,,,,,,,,,,,,,,,,,,,
,,,,,,,,,,,,,,,,,,,,,,,,,,
,,,,,,,,,,,,,,,,,,,,,,,,,,
,,,,,,,,,,,,,,,,,,,,,,,,,,
,,,,,,,,,,,,,,,,,,,,,,,,,,
,,,,,,,,,,,,,,,,,,,,,,,,,,
,,,,,,,,,,,,,,,,,,,,,,,,,,
,,,,,,,,,,,,,,,,,,,,,,,,,,
,,,,,,,,,,,,,,,,,,,,,,,,,,
,,,,,,,,,,,,,,,,,,,,,,,,,,
,,,,,,,,,,,,,,,,,,,,,,,,,,
,,,,,,,,,,,,,,,,,,,,,,,,,,
,,,,,,,,,,,,,,,,,,,,,,,,,,
,,,,,,,,,,,,,,,,,,,,,,,,,,
,,,,,,,,,,,,,,,,,,,,,,,,,,
,,,,,,,,,,,,,,,,,,,,,,,,,,
,,,,,,,,,,,,,,,,,,,,,,,,,,
,,,,,,,,,,,,,,,,,,,,,,,,,,
,,,,,,,,,,,,,,,,,,,,,,,,,,
,,,,,,,,,,,,,,,,,,,,,,,,,,
,,,,,,,,,,,,,,,,,,,,,,,,,,
,,,,,,,,,,,,,,,,,,,,,,,,,,
,,,,,,,,,,,,,,,,,,,,,,,,,,
,,,,,,,,,,,,,,,,,,,,,,,,,,
,,,,,,,,,,,,,,,,,,,,,,,,,,
,,,,,,,,,,,,,,,,,,,,,,,,,,
,,,,,,,,,,,,,,,,,,,,,,,,,,
,,,,,,,,,,,,,,,,,,,,,,,,,,
,,,,,,,,,,,,,,,,,,,,,,,,,,
,,,,,,,,,,,,,,,,,,,,,,,,,,
,,,,,,,,,,,,,,,,,,,,,,,,,,
,,,,,,,,,,,,,,,,,,,,,,,,,,
,,,,,,,,,,,,,,,,,,,,,,,,,,
,,,,,,,,,,,,,,,,,,,,,,,,,,
,,,,,,,,,,,,,,,,,,,,,,,,,,
,,,,,,,,,,,,,,,,,,,,,,,,,,
,,,,,,,,,,,,,,,,,,,,,,,,,,
,,,,,,,,,,,,,,,,,,,,,,,,,,
,,,,,,,,,,,,,,,,,,,,,,,,,,
,,,,,,,,,,,,,,,,,,,,,,,,,,
,,,,,,,,,,,,,,,,,,,,,,,,,,
,,,,,,,,,,,,,,,,,,,,,,,,,,
,,,,,,,,,,,,,,,,,,,,,,,,,,
,,,,,,,,,,,,,,,,,,,,,,,,,,
,,,,,,,,,,,,,,,,,,,,,,,,,,
,,,,,,,,,,,,,,,,,,,,,,,,,,
,,,,,,,,,,,,,,,,,,,,,,,,,,
,,,,,,,,,,,,,,,,,,,,,,,,,,
,,,,,,,,,,,,,,,,,,,,,,,,,,
,,,,,,,,,,,,,,,,,,,,,,,,,,
,,,,,,,,,,,,,,,,,,,,,,,,,,
,,,,,,,,,,,,,,,,,,,,,,,,,,
,,,,,,,,,,,,,,,,,,,,,,,,,,
,,,,,,,,,,,,,,,,,,,,,,,,,,
,,,,,,,,,,,,,,,,,,,,,,,,,,
,,,,,,,,,,,,,,,,,,,,,,,,,,
,,,,,,,,,,,,,,,,,,,,,,,,,,
,,,,,,,,,,,,,,,,,,,,,,,,,,
,,,,,,,,,,,,,,,,,,,,,,,,,,
,,,,,,,,,,,,,,,,,,,,,,,,,,
,,,,,,,,,,,,,,,,,,,,,,,,,,
,,,,,,,,,,,,,,,,,,,,,,,,,,
,,,,,,,,,,,,,,,,,,,,,,,,,,
,,,,,,,,,,,,,,,,,,,,,,,,,,
,,,,,,,,,,,,,,,,,,,,,,,,,,
,,,,,,,,,,,,,,,,,,,,,,,,,,
,,,,,,,,,,,,,,,,,,,,,,,,,,
,,,,,,,,,,,,,,,,,,,,,,,,,,
,,,,,,,,,,,,,,,,,,,,,,,,,,
,,,,,,,,,,,,,,,,,,,,,,,,,,
,,,,,,,,,,,,,,,,,,,,,,,,,,
,,,,,,,,,,,,,,,,,,,,,,,,,,
,,,,,,,,,,,,,,,,,,,,,,,,,,
,,,,,,,,,,,,,,,,,,,,,,,,,,
,,,,,,,,,,,,,,,,,,,,,,,,,,
,,,,,,,,,,,,,,,,,,,,,,,,,,
,,,,,,,,,,,,,,,,,,,,,,,,,,
,,,,,,,,,,,,,,,,,,,,,,,,,,
,,,,,,,,,,,,,,,,,,,,,,,,,,
,,,,,,,,,,,,,,,,,,,,,,,,,,
,,,,,,,,,,,,,,,,,,,,,,,,,,
,,,,,,,,,,,,,,,,,,,,,,,,,,